project_name,root_dir
vercel-baidu-54,sites/vercel-baidu-54
vercel-baidu-55,sites/vercel-baidu-55
vercel-baidu-56,sites/vercel-baidu-56
vercel-baidu-57,sites/vercel-baidu-57
vercel-baidu-58,sites/vercel-baidu-58
vercel-baidu-59,sites/vercel-baidu-59
vercel-baidu-6,sites/vercel-baidu-6
vercel-baidu-60,sites/vercel-baidu-60
vercel-baidu-61,sites/vercel-baidu-61
vercel-baidu-62,sites/vercel-baidu-62
vercel-baidu-63,sites/vercel-baidu-63
vercel-baidu-64,sites/vercel-baidu-64
vercel-baidu-65,sites/vercel-baidu-65
vercel-baidu-66,sites/vercel-baidu-66
vercel-baidu-67,sites/vercel-baidu-67
vercel-baidu-68,sites/vercel-baidu-68
vercel-baidu-69,sites/vercel-baidu-69
vercel-baidu-7,sites/vercel-baidu-7
vercel-baidu-70,sites/vercel-baidu-70
vercel-baidu-71,sites/vercel-baidu-71
vercel-baidu-72,sites/vercel-baidu-72
vercel-baidu-73,sites/vercel-baidu-73
vercel-baidu-74,sites/vercel-baidu-74
vercel-baidu-75,sites/vercel-baidu-75
vercel-baidu-76,sites/vercel-baidu-76
vercel-baidu-77,sites/vercel-baidu-77
vercel-baidu-78,sites/vercel-baidu-78
vercel-baidu-79,sites/vercel-baidu-79
vercel-baidu-8,sites/vercel-baidu-8
vercel-baidu-80,sites/vercel-baidu-80
vercel-baidu-81,sites/vercel-baidu-81
vercel-baidu-82,sites/vercel-baidu-82
vercel-baidu-83,sites/vercel-baidu-83
vercel-baidu-84,sites/vercel-baidu-84
vercel-baidu-85,sites/vercel-baidu-85
vercel-baidu-86,sites/vercel-baidu-86
vercel-baidu-87,sites/vercel-baidu-87
vercel-baidu-88,sites/vercel-baidu-88
vercel-baidu-89,sites/vercel-baidu-89
vercel-baidu-9,sites/vercel-baidu-9
vercel-baidu-90,sites/vercel-baidu-90
vercel-baidu-91,sites/vercel-baidu-91
vercel-baidu-92,sites/vercel-baidu-92
vercel-baidu-93,sites/vercel-baidu-93
vercel-baidu-94,sites/vercel-baidu-94
vercel-baidu-95,sites/vercel-baidu-95
vercel-baidu-96,sites/vercel-baidu-96
vercel-baidu-97,sites/vercel-baidu-97
vercel-baidu-98,sites/vercel-baidu-98
vercel-baidu-99,sites/vercel-baidu-99